"","Chr","seq_names","pos_rgenome","pos_seq","pos_align","width_align","chr_align","aligned","seq_number","SMR","species"
"1","LG22","AS_LG22_3110579:3111705",3111079,-499,130358991,125,"NC_000010.11",FALSE,"seq_001","SMR_026","AS"
"2","LG22","AS_LG22_3110579:3111705",3111205,-373,130359117,125,"NC_000010.11",FALSE,"seq_001","SMR_026","AS"
"3","LG14","AS_LG14_17293018:17294200",17293518,171,38813301,57,"NC_000013.11",FALSE,"seq_002","SMR_030","AS"
"4","LG14","AS_LG14_17293018:17294200",17293624,277,38813407,57,"NC_000013.11",FALSE,"seq_002","SMR_030","AS"
"5","LG14","AS_LG14_17293018:17294200",17293700,353,38813483,57,"NC_000013.11",FALSE,"seq_002","SMR_030","AS"
"6","LG5","AS_LG5_4798472:4799578",4798972,168,142937228,158,"NC_000008.11",FALSE,"seq_003","SMR_016","AS"
"7","LG5","AS_LG5_4798472:4799578",4799066,262,142937322,158,"NC_000008.11",FALSE,"seq_003","SMR_016","AS"
"8","LG5","AS_LG5_4798472:4799578",4799078,274,142937334,158,"NC_000008.11",FALSE,"seq_003","SMR_016","AS"
"9","LG15","AS_LG15_662497:663497",662997,298,11246815,191,"NC_000011.10",FALSE,"seq_004","SMR_028","AS"
"10","LG23","AS_LG23_7725665:7726821",7726165,-441,28559570,48,"NC_000007.14",FALSE,"seq_005","SMR_014","AS"
"11","LG23","AS_LG23_7725665:7726821",7726188,-418,28559593,48,"NC_000007.14",FALSE,"seq_005","SMR_014","AS"
"12","LG23","AS_LG23_7725665:7726821",7726321,-285,28559726,48,"NC_000007.14",FALSE,"seq_005","SMR_014","AS"
"13","LG7","AS_LG7_20037034:20038180",20037534,-548,27223,71,"NT_187573.1",FALSE,"seq_006","SMR_050","AS"
"14","LG7","AS_LG7_20037034:20038180",20037608,-474,27297,71,"NT_187573.1",FALSE,"seq_006","SMR_050","AS"
"15","LG7","AS_LG7_20037034:20038180",20037662,-420,27351,71,"NT_187573.1",FALSE,"seq_006","SMR_050","AS"
"16","LG7","AS_LG7_20037034:20038180",20037680,-402,27369,71,"NT_187573.1",FALSE,"seq_006","SMR_050","AS"
"17","LG3","AS_LG3_17354146:17355383",17354646,-555,166953691,94,"NC_000006.12",FALSE,"seq_007","SMR_010","AS"
"18","LG3","AS_LG3_17354146:17355383",17354648,-553,166953693,94,"NC_000006.12",FALSE,"seq_007","SMR_010","AS"
"19","LG3","AS_LG3_17354146:17355383",17354690,-511,166953735,94,"NC_000006.12",FALSE,"seq_007","SMR_010","AS"
"20","LG3","AS_LG3_17354146:17355383",17354720,-481,166953765,94,"NC_000006.12",FALSE,"seq_007","SMR_010","AS"
"21","LG3","AS_LG3_17354146:17355383",17354753,-448,166953798,94,"NC_000006.12",FALSE,"seq_007","SMR_010","AS"
"22","LG3","AS_LG3_17354146:17355383",17354760,-441,166953805,94,"NC_000006.12",FALSE,"seq_007","SMR_010","AS"
"23","LG3","AS_LG3_17354146:17355383",17354762,-439,166953807,94,"NC_000006.12",FALSE,"seq_007","SMR_010","AS"
"24","LG3","AS_LG3_17354146:17355383",17354770,-431,166953815,94,"NC_000006.12",FALSE,"seq_007","SMR_010","AS"
"25","LG3","AS_LG3_17354146:17355383",17354834,-367,166953879,94,"NC_000006.12",FALSE,"seq_007","SMR_010","AS"
"26","LG3","AS_LG3_17354146:17355383",17354853,-348,166953898,94,"NC_000006.12",FALSE,"seq_007","SMR_010","AS"
"27","LG3","AS_LG3_17354146:17355383",17354868,-333,166953913,94,"NC_000006.12",FALSE,"seq_007","SMR_010","AS"
"28","LG3","AS_LG3_17354146:17355383",17354872,-329,166953917,94,"NC_000006.12",FALSE,"seq_007","SMR_010","AS"
"29","LG3","AS_LG3_17354146:17355383",17354883,-318,166953928,94,"NC_000006.12",FALSE,"seq_007","SMR_010","AS"
"30","LG5","AS_LG5_4199232:4200271",4199732,455,132180980,82,"NC_000010.11",FALSE,"seq_008","SMR_027","AS"
"31","LG5","AS_LG5_4199232:4200271",4199762,485,132181010,82,"NC_000010.11",FALSE,"seq_008","SMR_027","AS"
"32","LG5","AS_LG5_4199232:4200271",4199771,494,132181019,82,"NC_000010.11",FALSE,"seq_008","SMR_027","AS"
"33","LG3","AS_LG3_30259842:30260842",30260342,250,113930733,52,"NC_000006.12",FALSE,"seq_009","SMR_011","AS"
"34","LG5","AS_LG5_4199041:4200201",4199541,264,132180598,82,"NC_000010.11",FALSE,"seq_010","SMR_024","AS"
"35","LG5","AS_LG5_4199041:4200201",4199571,294,132180628,82,"NC_000010.11",FALSE,"seq_010","SMR_024","AS"
"36","LG5","AS_LG5_4199041:4200201",4199583,306,132180640,82,"NC_000010.11",FALSE,"seq_010","SMR_024","AS"
"37","LG5","AS_LG5_4199041:4200201",4199594,317,132180651,82,"NC_000010.11",FALSE,"seq_010","SMR_024","AS"
"38","LG5","AS_LG5_4199041:4200201",4199598,321,132180655,82,"NC_000010.11",FALSE,"seq_010","SMR_024","AS"
"39","LG5","AS_LG5_4199041:4200201",4199616,339,132180673,82,"NC_000010.11",FALSE,"seq_010","SMR_024","AS"
"40","LG5","AS_LG5_4199041:4200201",4199632,355,132180689,82,"NC_000010.11",FALSE,"seq_010","SMR_024","AS"
"41","LG5","AS_LG5_4199041:4200201",4199638,361,132180695,82,"NC_000010.11",FALSE,"seq_010","SMR_024","AS"
"42","LG5","AS_LG5_4199041:4200201",4199644,367,132180701,82,"NC_000010.11",FALSE,"seq_010","SMR_024","AS"
"43","LG5","AS_LG5_4199041:4200201",4199657,380,132180714,82,"NC_000010.11",FALSE,"seq_010","SMR_024","AS"
"44","LG5","AS_LG5_4199041:4200201",4199669,392,132180726,82,"NC_000010.11",FALSE,"seq_010","SMR_024","AS"
"45","LG5","AS_LG5_4199041:4200201",4199675,398,132180732,82,"NC_000010.11",FALSE,"seq_010","SMR_024","AS"
"46","LG5","AS_LG5_4199041:4200201",4199701,424,132180758,82,"NC_000010.11",FALSE,"seq_010","SMR_024","AS"
"47","LG10","AS_LG10_21759058:21760153",21759558,-72,65610538,93,"NC_000014.9",FALSE,"seq_011","SMR_034","AS"
"48","LG10","AS_LG10_21759058:21760153",21759560,-70,65610540,93,"NC_000014.9",FALSE,"seq_011","SMR_034","AS"
"49","LG10","AS_LG10_21759058:21760153",21759562,-68,65610542,93,"NC_000014.9",FALSE,"seq_011","SMR_034","AS"
"50","LG10","AS_LG10_21759058:21760153",21759653,23,65610633,93,"NC_000014.9",TRUE,"seq_011","SMR_034","AS"
"51","LG15","AS_LG15_8401476:8402641",8401976,500,128909022,737,"NC_000009.12",TRUE,"seq_012","SMR_022","AS"
"52","LG15","AS_LG15_8401476:8402641",8402024,548,128909070,737,"NC_000009.12",TRUE,"seq_012","SMR_022","AS"
"53","LG15","AS_LG15_8401476:8402641",8402045,569,128909091,737,"NC_000009.12",TRUE,"seq_012","SMR_022","AS"
"54","LG15","AS_LG15_8401476:8402641",8402080,604,128909126,737,"NC_000009.12",TRUE,"seq_012","SMR_022","AS"
"55","LG15","AS_LG15_8401476:8402641",8402111,635,128909157,737,"NC_000009.12",TRUE,"seq_012","SMR_022","AS"
"56","LG15","AS_LG15_8401476:8402641",8402115,639,128909161,737,"NC_000009.12",TRUE,"seq_012","SMR_022","AS"
"57","LG15","AS_LG15_8401476:8402641",8402141,665,128909187,737,"NC_000009.12",TRUE,"seq_012","SMR_022","AS"
"58","LG15","AS_LG15_11128854:11129966",11129354,73,36824575,65,"NC_000003.12",FALSE,"seq_013","SMR_003","AS"
"59","LG15","AS_LG15_11128854:11129966",11129375,94,36824596,65,"NC_000003.12",FALSE,"seq_013","SMR_003","AS"
"60","LG15","AS_LG15_11128854:11129966",11129377,96,36824598,65,"NC_000003.12",FALSE,"seq_013","SMR_003","AS"
"61","LG15","AS_LG15_11128854:11129966",11129466,185,36824687,65,"NC_000003.12",FALSE,"seq_013","SMR_003","AS"
"62","LG22","AS_LG22_3061760:3062895",3062260,-542,36823345,65,"NC_000003.12",FALSE,"seq_014","SMR_003","AS"
"63","LG22","AS_LG22_3061760:3062895",3062289,-513,36823374,65,"NC_000003.12",FALSE,"seq_014","SMR_003","AS"
"64","LG22","AS_LG22_3061760:3062895",3062378,-424,36823463,65,"NC_000003.12",FALSE,"seq_014","SMR_003","AS"
"65","LG22","AS_LG22_3061760:3062895",3062395,-407,36823480,65,"NC_000003.12",FALSE,"seq_014","SMR_003","AS"
"66","LG3","AS_LG3_34237231:34238231",34237731,495,36825419,66,"NC_000003.12",FALSE,"seq_015","SMR_003","AS"
"67","LG7","AS_LG7_242331:243536",242831,-625,36823182,64,"NC_000003.12",FALSE,"seq_016","SMR_003","AS"
"68","LG7","AS_LG7_242331:243536",242847,-609,36823198,64,"NC_000003.12",FALSE,"seq_016","SMR_003","AS"
"69","LG7","AS_LG7_242331:243536",242891,-565,36823242,64,"NC_000003.12",FALSE,"seq_016","SMR_003","AS"
"70","LG7","AS_LG7_242331:243536",242897,-559,36823248,64,"NC_000003.12",FALSE,"seq_016","SMR_003","AS"
"71","LG7","AS_LG7_242331:243536",242928,-528,36823279,64,"NC_000003.12",FALSE,"seq_016","SMR_003","AS"
"72","LG7","AS_LG7_242331:243536",242975,-481,36823326,64,"NC_000003.12",FALSE,"seq_016","SMR_003","AS"
"73","LG7","AS_LG7_242331:243536",242978,-478,36823329,64,"NC_000003.12",FALSE,"seq_016","SMR_003","AS"
"74","LG7","AS_LG7_242331:243536",242981,-475,36823332,64,"NC_000003.12",FALSE,"seq_016","SMR_003","AS"
"75","LG7","AS_LG7_242331:243536",242985,-471,36823336,64,"NC_000003.12",FALSE,"seq_016","SMR_003","AS"
"76","LG7","AS_LG7_242331:243536",243000,-456,36823351,64,"NC_000003.12",FALSE,"seq_016","SMR_003","AS"
"77","LG7","AS_LG7_242331:243536",243027,-429,36823378,64,"NC_000003.12",FALSE,"seq_016","SMR_003","AS"
"78","LG7","AS_LG7_242331:243536",243036,-420,36823387,64,"NC_000003.12",FALSE,"seq_016","SMR_003","AS"
"79","LG18","AS_LG18_870020:871149",870520,-529,36607605,88,"NC_000020.11",FALSE,"seq_017","SMR_046","AS"
"80","LG18","AS_LG18_870020:871149",870649,-400,36607734,88,"NC_000020.11",FALSE,"seq_017","SMR_046","AS"
"81","LG10","AS_LG10_32012656:32013827",32013156,500,3225451,864,"NC_000006.12",TRUE,"seq_018","SMR_009","AS"
"82","LG10","AS_LG10_32012656:32013827",32013187,531,3225482,864,"NC_000006.12",TRUE,"seq_018","SMR_009","AS"
"83","LG10","AS_LG10_32012656:32013827",32013230,574,3225525,864,"NC_000006.12",TRUE,"seq_018","SMR_009","AS"
"84","LG10","AS_LG10_32012656:32013827",32013241,585,3225536,864,"NC_000006.12",TRUE,"seq_018","SMR_009","AS"
"85","LG10","AS_LG10_32012656:32013827",32013265,609,3225560,864,"NC_000006.12",TRUE,"seq_018","SMR_009","AS"
"86","LG10","AS_LG10_32012656:32013827",32013289,633,3225584,864,"NC_000006.12",TRUE,"seq_018","SMR_009","AS"
"87","LG10","AS_LG10_32012656:32013827",32013309,653,3225604,864,"NC_000006.12",TRUE,"seq_018","SMR_009","AS"
"88","LG10","AS_LG10_32012656:32013827",32013313,657,3225608,864,"NC_000006.12",TRUE,"seq_018","SMR_009","AS"
"89","LG10","AS_LG10_32012656:32013827",32013327,671,3225622,864,"NC_000006.12",TRUE,"seq_018","SMR_009","AS"
"90","LG15","AS_LG15_8401686:8402823",8402186,496,128908836,915,"NC_000009.12",TRUE,"seq_019","SMR_020","AS"
"91","LG15","AS_LG15_8401686:8402823",8402201,511,128908851,915,"NC_000009.12",TRUE,"seq_019","SMR_020","AS"
"92","LG15","AS_LG15_8401686:8402823",8402218,528,128908868,915,"NC_000009.12",TRUE,"seq_019","SMR_020","AS"
"93","LG15","AS_LG15_8401686:8402823",8402271,581,128908921,915,"NC_000009.12",TRUE,"seq_019","SMR_020","AS"
"94","LG15","AS_LG15_8401686:8402823",8402301,611,128908951,915,"NC_000009.12",TRUE,"seq_019","SMR_020","AS"
"95","LG15","AS_LG15_8401686:8402823",8402311,621,128908961,915,"NC_000009.12",TRUE,"seq_019","SMR_020","AS"
"96","LG15","AS_LG15_8401686:8402823",8402323,633,128908973,915,"NC_000009.12",TRUE,"seq_019","SMR_020","AS"
"97","LG18","AS_LG18_31774338:31775522",31774838,251,46389410,54,"NC_000019.10",FALSE,"seq_020","SMR_043","AS"
"98","LG18","AS_LG18_31774338:31775522",31775022,435,46389594,54,"NC_000019.10",FALSE,"seq_020","SMR_043","AS"
"99","LG1","AS_LG1_15523658:15524793",15524158,386,100941552,54,"NC_000015.10",FALSE,"seq_021","SMR_038","AS"
"100","LG1","AS_LG1_15523658:15524793",15524165,393,100941559,54,"NC_000015.10",FALSE,"seq_021","SMR_038","AS"
"101","LG1","AS_LG1_15523658:15524793",15524192,420,100941586,54,"NC_000015.10",FALSE,"seq_021","SMR_038","AS"
"102","LG1","AS_LG1_15523658:15524793",15524198,426,100941592,54,"NC_000015.10",FALSE,"seq_021","SMR_038","AS"
"103","LG1","AS_LG1_15523658:15524793",15524237,465,100941631,54,"NC_000015.10",FALSE,"seq_021","SMR_038","AS"
"104","LG1","AS_LG1_15523658:15524793",15524293,521,100941687,54,"NC_000015.10",FALSE,"seq_021","SMR_038","AS"
"105","LG11","AS_LG11_31826094:31827106",31826594,233,93587924,482,"NC_000005.10",TRUE,"seq_022","SMR_008","AS"
"106","LG11","AS_LG11_31826094:31827106",31826606,245,93587936,482,"NC_000005.10",TRUE,"seq_022","SMR_008","AS"
"107","LG11","AS_LG11_11000104:11001302",11000604,107,195134541,51,"NC_000003.12",FALSE,"seq_023","SMR_005","AS"
"108","LG11","AS_LG11_11000104:11001302",11000666,169,195134603,51,"NC_000003.12",FALSE,"seq_023","SMR_005","AS"
"109","LG11","AS_LG11_11000104:11001302",11000707,210,195134644,51,"NC_000003.12",FALSE,"seq_023","SMR_005","AS"
"110","LG11","AS_LG11_11000104:11001302",11000713,216,195134650,51,"NC_000003.12",FALSE,"seq_023","SMR_005","AS"
"111","LG11","AS_LG11_11000104:11001302",11000741,244,195134678,51,"NC_000003.12",FALSE,"seq_023","SMR_005","AS"
"112","LG11","AS_LG11_11000104:11001302",11000760,263,195134697,51,"NC_000003.12",FALSE,"seq_023","SMR_005","AS"
"113","LG11","AS_LG11_11000104:11001302",11000792,295,195134729,51,"NC_000003.12",FALSE,"seq_023","SMR_005","AS"
"114","LG11","AS_LG11_11000104:11001302",11000802,305,195134739,51,"NC_000003.12",FALSE,"seq_023","SMR_005","AS"
"115","LG5","AS_LG5_4798211:4799400",4798711,-388,2719329,150,"NC_000012.12",FALSE,"seq_024","SMR_029","AS"
"116","LG5","AS_LG5_4798211:4799400",4798778,-321,2719396,150,"NC_000012.12",FALSE,"seq_024","SMR_029","AS"
"117","LG5","AS_LG5_4798211:4799400",4798900,-199,2719518,150,"NC_000012.12",FALSE,"seq_024","SMR_029","AS"
"118","LG21","AS_LG21_27991507:27992724",27992007,428,36609525,88,"NC_000020.11",FALSE,"seq_025","SMR_044","AS"
"119","LG21","AS_LG21_27991507:27992724",27992043,464,36609561,88,"NC_000020.11",FALSE,"seq_025","SMR_044","AS"
"120","LG21","AS_LG21_27991507:27992724",27992060,481,36609578,88,"NC_000020.11",FALSE,"seq_025","SMR_044","AS"
"121","LG21","AS_LG21_27991507:27992724",27992073,494,36609591,88,"NC_000020.11",FALSE,"seq_025","SMR_044","AS"
"122","LG21","AS_LG21_27991507:27992724",27992077,498,36609595,88,"NC_000020.11",FALSE,"seq_025","SMR_044","AS"
"123","LG21","AS_LG21_27991507:27992724",27992093,514,36609611,88,"NC_000020.11",FALSE,"seq_025","SMR_044","AS"
"124","LG21","AS_LG21_27991507:27992724",27992102,523,36609620,88,"NC_000020.11",FALSE,"seq_025","SMR_044","AS"
"125","LG21","AS_LG21_27991507:27992724",27992106,527,36609624,88,"NC_000020.11",FALSE,"seq_025","SMR_044","AS"
"126","LG21","AS_LG21_27991507:27992724",27992118,539,36609636,88,"NC_000020.11",FALSE,"seq_025","SMR_044","AS"
"127","LG21","AS_LG21_27991507:27992724",27992126,547,36609644,88,"NC_000020.11",FALSE,"seq_025","SMR_044","AS"
"128","LG21","AS_LG21_27991507:27992724",27992133,554,36609651,88,"NC_000020.11",FALSE,"seq_025","SMR_044","AS"
"129","LG21","AS_LG21_27991507:27992724",27992141,562,36609659,88,"NC_000020.11",FALSE,"seq_025","SMR_044","AS"
"130","LG21","AS_LG21_27991507:27992724",27992150,571,36609668,88,"NC_000020.11",FALSE,"seq_025","SMR_044","AS"
"131","LG21","AS_LG21_27991507:27992724",27992153,574,36609671,88,"NC_000020.11",FALSE,"seq_025","SMR_044","AS"
"132","LG21","AS_LG21_27991507:27992724",27992160,581,36609678,88,"NC_000020.11",FALSE,"seq_025","SMR_044","AS"
"133","LG21","AS_LG21_27991507:27992724",27992193,614,36609711,88,"NC_000020.11",FALSE,"seq_025","SMR_044","AS"
"134","LG21","AS_LG21_27991507:27992724",27992224,645,36609742,88,"NC_000020.11",FALSE,"seq_025","SMR_044","AS"
"135","CauratusV1_scaffold_1381","AS_CauratusV1_scaffold_1381_12981:14126",13481,251,81504321,81,"NC_000004.12",FALSE,"seq_026","SMR_006","AS"
"136","CauratusV1_scaffold_1381","AS_CauratusV1_scaffold_1381_12981:14126",13492,262,81504332,81,"NC_000004.12",FALSE,"seq_026","SMR_006","AS"
"137","CauratusV1_scaffold_1381","AS_CauratusV1_scaffold_1381_12981:14126",13504,274,81504344,81,"NC_000004.12",FALSE,"seq_026","SMR_006","AS"
"138","CauratusV1_scaffold_1381","AS_CauratusV1_scaffold_1381_12981:14126",13579,349,81504419,81,"NC_000004.12",FALSE,"seq_026","SMR_006","AS"
"139","CauratusV1_scaffold_1381","AS_CauratusV1_scaffold_1381_12981:14126",13626,396,81504466,81,"NC_000004.12",FALSE,"seq_026","SMR_006","AS"
"140","LG21","AS_LG21_8938331:8939469",8938831,-191,100940544,79,"NC_000015.10",FALSE,"seq_027","SMR_036","AS"
"141","LG21","AS_LG21_8938331:8939469",8938900,-122,100940613,79,"NC_000015.10",FALSE,"seq_027","SMR_036","AS"
"142","LG21","AS_LG21_8938331:8939469",8938902,-120,100940615,79,"NC_000015.10",FALSE,"seq_027","SMR_036","AS"
"143","LG21","AS_LG21_8938331:8939469",8938935,-87,100940648,79,"NC_000015.10",FALSE,"seq_027","SMR_036","AS"
"144","LG21","AS_LG21_8938331:8939469",8938952,-70,100940665,79,"NC_000015.10",FALSE,"seq_027","SMR_036","AS"
"145","LG21","AS_LG21_8938331:8939469",8938956,-66,100940669,79,"NC_000015.10",FALSE,"seq_027","SMR_036","AS"
"146","LG21","AS_LG21_8938331:8939469",8938969,-53,100940682,79,"NC_000015.10",FALSE,"seq_027","SMR_036","AS"
"147","LG10","AS_LG10_28426744:28427744",28427244,-13,157460741,101,"NC_000007.14",FALSE,"seq_028","SMR_015","AS"
"148","LG18","AS_LG18_30875292:30876292",30875792,-116,30115701,71,"NC_000019.10",FALSE,"seq_029","SMR_042","AS"
"149","LG5","AS_LG5_18120196:18121378",18120696,-34,133563228,67,"NC_000009.12",FALSE,"seq_030","SMR_021","AS"
"150","LG5","AS_LG5_18120196:18121378",18120705,-25,133563237,67,"NC_000009.12",FALSE,"seq_030","SMR_021","AS"
"151","LG5","AS_LG5_18120196:18121378",18120816,86,133563348,67,"NC_000009.12",FALSE,"seq_030","SMR_021","AS"
"152","LG5","AS_LG5_18120196:18121378",18120854,124,133563386,67,"NC_000009.12",FALSE,"seq_030","SMR_021","AS"
"153","LG5","AS_LG5_18120196:18121378",18120878,148,133563410,67,"NC_000009.12",FALSE,"seq_030","SMR_021","AS"
"154","LG5","AS_LG5_28297927:28299039",28298427,-239,240779797,52,"NC_000002.12",FALSE,"seq_031","SMR_002","AS"
"155","LG5","AS_LG5_28297927:28299039",28298539,-127,240779909,52,"NC_000002.12",FALSE,"seq_031","SMR_002","AS"
"156","LG4","AS_LG4_32633246:32634324",32633746,-318,16439401,53,"NC_000020.11",FALSE,"seq_032","SMR_045","AS"
"157","LG4","AS_LG4_32633246:32634324",32633809,-255,16439464,53,"NC_000020.11",FALSE,"seq_032","SMR_045","AS"
"158","LG4","AS_LG4_32633246:32634324",32633824,-240,16439479,53,"NC_000020.11",FALSE,"seq_032","SMR_045","AS"
"159","LG7","AS_LG7_14194513:14195632",14195013,-451,64715088,60,"NC_000014.9",FALSE,"seq_033","SMR_033","AS"
"160","LG7","AS_LG7_14194513:14195632",14195019,-445,64715094,60,"NC_000014.9",FALSE,"seq_033","SMR_033","AS"
"161","LG7","AS_LG7_14194513:14195632",14195056,-408,64715131,60,"NC_000014.9",FALSE,"seq_033","SMR_033","AS"
"162","LG7","AS_LG7_14194513:14195632",14195070,-394,64715145,60,"NC_000014.9",FALSE,"seq_033","SMR_033","AS"
"163","LG7","AS_LG7_14194513:14195632",14195132,-332,64715207,60,"NC_000014.9",FALSE,"seq_033","SMR_033","AS"
"164","LG18","AS_LG18_18239986:18240986",18240486,-158,61156042,83,"NC_000020.11",FALSE,"seq_034","SMR_047","AS"
"165","LG11","AS_LG11_202900:205024",203400,-1296,17238264,42,"NC_000007.14",FALSE,"seq_035","SMR_013","AS"
"166","LG11","AS_LG11_202900:205024",203406,-1290,17238270,42,"NC_000007.14",FALSE,"seq_035","SMR_013","AS"
"167","LG11","AS_LG11_202900:205024",203410,-1286,17238274,42,"NC_000007.14",FALSE,"seq_035","SMR_013","AS"
"168","LG11","AS_LG11_202900:205024",203414,-1282,17238278,42,"NC_000007.14",FALSE,"seq_035","SMR_013","AS"
"169","LG11","AS_LG11_202900:205024",203428,-1268,17238292,42,"NC_000007.14",FALSE,"seq_035","SMR_013","AS"
"170","LG11","AS_LG11_202900:205024",203473,-1223,17238337,42,"NC_000007.14",FALSE,"seq_035","SMR_013","AS"
"171","LG11","AS_LG11_202900:205024",203510,-1186,17238374,42,"NC_000007.14",FALSE,"seq_035","SMR_013","AS"
"172","LG11","AS_LG11_202900:205024",203515,-1181,17238379,42,"NC_000007.14",FALSE,"seq_035","SMR_013","AS"
"173","LG11","AS_LG11_202900:205024",204398,-298,17239262,42,"NC_000007.14",FALSE,"seq_035","SMR_013","AS"
"174","LG11","AS_LG11_202900:205024",204402,-294,17239266,42,"NC_000007.14",FALSE,"seq_035","SMR_013","AS"
"175","LG11","AS_LG11_202900:205024",204524,-172,17239388,42,"NC_000007.14",FALSE,"seq_035","SMR_013","AS"
"176","LG4","AS_LG4_29390162:29391180",29390662,-238,54677459,87,"NC_000014.9",FALSE,"seq_036","SMR_032","AS"
"177","LG4","AS_LG4_29390162:29391180",29390669,-231,54677466,87,"NC_000014.9",FALSE,"seq_036","SMR_032","AS"
"178","LG4","AS_LG4_29390162:29391180",29390680,-220,54677477,87,"NC_000014.9",FALSE,"seq_036","SMR_032","AS"
"179","LG18","AS_LG18_9254577:9255698",9255077,-434,115371342,62,"NC_000009.12",FALSE,"seq_037","SMR_019","AS"
"180","LG18","AS_LG18_9254577:9255698",9255112,-399,115371377,62,"NC_000009.12",FALSE,"seq_037","SMR_019","AS"
"181","LG18","AS_LG18_9254577:9255698",9255136,-375,115371401,62,"NC_000009.12",FALSE,"seq_037","SMR_019","AS"
"182","LG18","AS_LG18_9254577:9255698",9255198,-313,115371463,62,"NC_000009.12",FALSE,"seq_037","SMR_019","AS"
"183","LG10","AS_LG10_17514965:17516092",17515465,130,36824689,64,"NC_000003.12",FALSE,"seq_038","SMR_004","AS"
"184","LG10","AS_LG10_17514965:17516092",17515483,148,36824707,64,"NC_000003.12",FALSE,"seq_038","SMR_004","AS"
"185","LG10","AS_LG10_17514965:17516092",17515508,173,36824732,64,"NC_000003.12",FALSE,"seq_038","SMR_004","AS"
"186","LG10","AS_LG10_17514965:17516092",17515511,176,36824735,64,"NC_000003.12",FALSE,"seq_038","SMR_004","AS"
"187","LG10","AS_LG10_17514965:17516092",17515517,182,36824741,64,"NC_000003.12",FALSE,"seq_038","SMR_004","AS"
"188","LG10","AS_LG10_17514965:17516092",17515527,192,36824751,64,"NC_000003.12",FALSE,"seq_038","SMR_004","AS"
"189","LG10","AS_LG10_17514965:17516092",17515534,199,36824758,64,"NC_000003.12",FALSE,"seq_038","SMR_004","AS"
"190","LG10","AS_LG10_17514965:17516092",17515538,203,36824762,64,"NC_000003.12",FALSE,"seq_038","SMR_004","AS"
"191","LG10","AS_LG10_17514965:17516092",17515581,246,36824805,64,"NC_000003.12",FALSE,"seq_038","SMR_004","AS"
"192","LG10","AS_LG10_17514965:17516092",17515592,257,36824816,64,"NC_000003.12",FALSE,"seq_038","SMR_004","AS"
"193","LG7","AS_LG7_242568:243702",243068,-388,36823656,64,"NC_000003.12",FALSE,"seq_039","SMR_004","AS"
"194","LG7","AS_LG7_242568:243702",243074,-382,36823662,64,"NC_000003.12",FALSE,"seq_039","SMR_004","AS"
"195","LG7","AS_LG7_242568:243702",243076,-380,36823664,64,"NC_000003.12",FALSE,"seq_039","SMR_004","AS"
"196","LG7","AS_LG7_242568:243702",243096,-360,36823684,64,"NC_000003.12",FALSE,"seq_039","SMR_004","AS"
"197","LG7","AS_LG7_242568:243702",243196,-260,36823784,64,"NC_000003.12",FALSE,"seq_039","SMR_004","AS"
"198","LG7","AS_LG7_242568:243702",243202,-254,36823790,64,"NC_000003.12",FALSE,"seq_039","SMR_004","AS"
"199","LG22","AS_LG22_23553257:23554397",23553757,-299,98206811,61,"NC_000013.11",FALSE,"seq_040","SMR_031","AS"
"200","LG22","AS_LG22_23553257:23554397",23553781,-275,98206835,61,"NC_000013.11",FALSE,"seq_040","SMR_031","AS"
"201","LG22","AS_LG22_23553257:23554397",23553834,-222,98206888,61,"NC_000013.11",FALSE,"seq_040","SMR_031","AS"
"202","LG22","AS_LG22_23553257:23554397",23553861,-195,98206915,61,"NC_000013.11",FALSE,"seq_040","SMR_031","AS"
"203","LG22","AS_LG22_23553257:23554397",23553885,-171,98206939,61,"NC_000013.11",FALSE,"seq_040","SMR_031","AS"
"204","LG22","AS_LG22_23553257:23554397",23553897,-159,98206951,61,"NC_000013.11",FALSE,"seq_040","SMR_031","AS"
"205","LG18","AS_LG18_15144108:15145108",15144608,130,21763717,56,"NC_000008.11",FALSE,"seq_041","SMR_017","AS"
"206","LG1","AS_LG1_25495367:25496493",25495867,-228,76120314,63,"NC_000017.11",FALSE,"seq_042","SMR_039","AS"
"207","LG1","AS_LG1_25495367:25496493",25495895,-200,76120342,63,"NC_000017.11",FALSE,"seq_042","SMR_039","AS"
"208","LG1","AS_LG1_25495367:25496493",25495903,-192,76120350,63,"NC_000017.11",FALSE,"seq_042","SMR_039","AS"
"209","LG1","AS_LG1_25495367:25496493",25495929,-166,76120376,63,"NC_000017.11",FALSE,"seq_042","SMR_039","AS"
"210","LG1","AS_LG1_25495367:25496493",25495958,-137,76120405,63,"NC_000017.11",FALSE,"seq_042","SMR_039","AS"
"211","LG1","AS_LG1_25495367:25496493",25495986,-109,76120433,63,"NC_000017.11",FALSE,"seq_042","SMR_039","AS"
"212","LG1","AS_LG1_25495367:25496493",25495993,-102,76120440,63,"NC_000017.11",FALSE,"seq_042","SMR_039","AS"
"213","LG19","AS_LG19_18393902:18395046",18394402,-376,76119964,118,"NC_000017.11",FALSE,"seq_043","SMR_039","AS"
"214","LG19","AS_LG19_18393902:18395046",18394542,-236,76120104,118,"NC_000017.11",FALSE,"seq_043","SMR_039","AS"
"215","LG19","AS_LG19_18393902:18395046",18394546,-232,76120108,118,"NC_000017.11",FALSE,"seq_043","SMR_039","AS"
"216","LG3","AS_LG3_14141968:14143090",14142468,-231,76120256,121,"NC_000017.11",FALSE,"seq_044","SMR_039","AS"
"217","LG3","AS_LG3_14141968:14143090",14142485,-214,76120273,121,"NC_000017.11",FALSE,"seq_044","SMR_039","AS"
"218","LG3","AS_LG3_14141968:14143090",14142518,-181,76120306,121,"NC_000017.11",FALSE,"seq_044","SMR_039","AS"
"219","LG3","AS_LG3_14141968:14143090",14142542,-157,76120330,121,"NC_000017.11",FALSE,"seq_044","SMR_039","AS"
"220","LG3","AS_LG3_14141968:14143090",14142590,-109,76120378,121,"NC_000017.11",FALSE,"seq_044","SMR_039","AS"
"221","LG8","AS_LG8_7745603:7746746",7746103,91,13883854,69,"NC_000010.11",FALSE,"seq_045","SMR_025","AS"
"222","LG8","AS_LG8_7745603:7746746",7746159,147,13883910,69,"NC_000010.11",FALSE,"seq_045","SMR_025","AS"
"223","LG8","AS_LG8_7745603:7746746",7746195,183,13883946,69,"NC_000010.11",FALSE,"seq_045","SMR_025","AS"
"224","LG8","AS_LG8_7745603:7746746",7746213,201,13883964,69,"NC_000010.11",FALSE,"seq_045","SMR_025","AS"
"225","LG8","AS_LG8_7745603:7746746",7746216,204,13883967,69,"NC_000010.11",FALSE,"seq_045","SMR_025","AS"
"226","LG8","AS_LG8_7745603:7746746",7746222,210,13883973,69,"NC_000010.11",FALSE,"seq_045","SMR_025","AS"
"227","LG8","AS_LG8_7745603:7746746",7746246,234,13883997,69,"NC_000010.11",FALSE,"seq_045","SMR_025","AS"
"228","LG16","AS_LG16_14811470:14812539",14811970,415,5436488,70,"NC_000010.11",FALSE,"seq_046","SMR_023","AS"
"229","LG16","AS_LG16_14811470:14812539",14812039,484,5436557,70,"NC_000010.11",FALSE,"seq_046","SMR_023","AS"
"230","LG6","AS_LG6_21549325:21550368",21549825,306,16622730,63,"NC_000022.11",FALSE,"seq_047","SMR_048","AS"
"231","LG6","AS_LG6_21549325:21550368",21549838,319,16622743,63,"NC_000022.11",FALSE,"seq_047","SMR_048","AS"
"232","LG6","AS_LG6_21549325:21550368",21549857,338,16622762,63,"NC_000022.11",FALSE,"seq_047","SMR_048","AS"
"233","LG6","AS_LG6_21549325:21550368",21549868,349,16622773,63,"NC_000022.11",FALSE,"seq_047","SMR_048","AS"
"234","LG16","AS_LG16_24941366:24942436",24941866,-351,55865876,72,"NC_000005.10",FALSE,"seq_048","SMR_007","AS"
"235","LG16","AS_LG16_24941366:24942436",24941886,-331,55865896,72,"NC_000005.10",FALSE,"seq_048","SMR_007","AS"
"236","LG16","AS_LG16_24941366:24942436",24941905,-312,55865915,72,"NC_000005.10",FALSE,"seq_048","SMR_007","AS"
"237","LG16","AS_LG16_24941366:24942436",24941919,-298,55865929,72,"NC_000005.10",FALSE,"seq_048","SMR_007","AS"
"238","LG16","AS_LG16_24941366:24942436",24941936,-281,55865946,72,"NC_000005.10",FALSE,"seq_048","SMR_007","AS"
"239","LG16","AS_LG16_29302161:29303336",29302661,-242,81541138,68,"NC_000023.11",FALSE,"seq_049","SMR_049","AS"
"240","LG16","AS_LG16_29302161:29303336",29302670,-233,81541147,68,"NC_000023.11",FALSE,"seq_049","SMR_049","AS"
"241","LG16","AS_LG16_29302161:29303336",29302679,-224,81541156,68,"NC_000023.11",FALSE,"seq_049","SMR_049","AS"
"242","LG16","AS_LG16_29302161:29303336",29302696,-207,81541173,68,"NC_000023.11",FALSE,"seq_049","SMR_049","AS"
"243","LG16","AS_LG16_29302161:29303336",29302706,-197,81541183,68,"NC_000023.11",FALSE,"seq_049","SMR_049","AS"
"244","LG16","AS_LG16_29302161:29303336",29302736,-167,81541213,68,"NC_000023.11",FALSE,"seq_049","SMR_049","AS"
"245","LG16","AS_LG16_29302161:29303336",29302747,-156,81541224,68,"NC_000023.11",FALSE,"seq_049","SMR_049","AS"
"246","LG16","AS_LG16_29302161:29303336",29302750,-153,81541227,68,"NC_000023.11",FALSE,"seq_049","SMR_049","AS"
"247","LG16","AS_LG16_29302161:29303336",29302754,-149,81541231,68,"NC_000023.11",FALSE,"seq_049","SMR_049","AS"
"248","LG16","AS_LG16_29302161:29303336",29302772,-131,81541249,68,"NC_000023.11",FALSE,"seq_049","SMR_049","AS"
"249","LG16","AS_LG16_29302161:29303336",29302775,-128,81541252,68,"NC_000023.11",FALSE,"seq_049","SMR_049","AS"
"250","LG16","AS_LG16_29302161:29303336",29302789,-114,81541266,68,"NC_000023.11",FALSE,"seq_049","SMR_049","AS"
"251","LG16","AS_LG16_29302161:29303336",29302815,-88,81541292,68,"NC_000023.11",FALSE,"seq_049","SMR_049","AS"
"252","LG16","AS_LG16_29302161:29303336",29302836,-67,81541313,68,"NC_000023.11",FALSE,"seq_049","SMR_049","AS"
"253","LG7","AS_LG7_24787146:24788233",24787646,-215,143037581,65,"NC_000008.11",FALSE,"seq_050","SMR_018","AS"
"254","LG7","AS_LG7_24787146:24788233",24787663,-198,143037598,65,"NC_000008.11",FALSE,"seq_050","SMR_018","AS"
"255","LG7","AS_LG7_24787146:24788233",24787675,-186,143037610,65,"NC_000008.11",FALSE,"seq_050","SMR_018","AS"
"256","LG7","AS_LG7_24787146:24788233",24787690,-171,143037625,65,"NC_000008.11",FALSE,"seq_050","SMR_018","AS"
"257","LG7","AS_LG7_24787146:24788233",24787697,-164,143037632,65,"NC_000008.11",FALSE,"seq_050","SMR_018","AS"
"258","LG7","AS_LG7_24787146:24788233",24787714,-147,143037649,65,"NC_000008.11",FALSE,"seq_050","SMR_018","AS"
"259","LG7","AS_LG7_24787146:24788233",24787720,-141,143037655,65,"NC_000008.11",FALSE,"seq_050","SMR_018","AS"
"260","LG7","AS_LG7_24787146:24788233",24787730,-131,143037665,65,"NC_000008.11",FALSE,"seq_050","SMR_018","AS"
"261","LG7","AS_LG7_24787146:24788233",24787733,-128,143037668,65,"NC_000008.11",FALSE,"seq_050","SMR_018","AS"
"262","LG24","AS_LG24_1358960:1360086",1359460,259,98660413,64,"NC_000002.12",FALSE,"seq_051","SMR_001","AS"
"263","LG24","AS_LG24_1358960:1360086",1359569,368,98660522,64,"NC_000002.12",FALSE,"seq_051","SMR_001","AS"
"264","LG24","AS_LG24_1358960:1360086",1359581,380,98660534,64,"NC_000002.12",FALSE,"seq_051","SMR_001","AS"
"265","LG24","AS_LG24_1358960:1360086",1359586,385,98660539,64,"NC_000002.12",FALSE,"seq_051","SMR_001","AS"
"266","LG15","AS_LG15_25156045:25157045",25156545,125,58603638,59,"NC_000017.11",FALSE,"seq_052","SMR_040","AS"
"267","LG9","AS_LG9_27053381:27054473",27053881,495,85897393,89,"NC_000015.10",FALSE,"seq_053","SMR_037","AS"
"268","LG9","AS_LG9_27053381:27054473",27053919,533,85897431,89,"NC_000015.10",FALSE,"seq_053","SMR_037","AS"
"269","LG9","AS_LG9_27053381:27054473",27053973,587,85897485,89,"NC_000015.10",FALSE,"seq_053","SMR_037","AS"
"270","LG11","AS_LG11_13559165:13560230",13559665,410,76121565,96,"NC_000017.11",FALSE,"seq_054","SMR_041","AS"
"271","LG11","AS_LG11_13559165:13560230",13559730,475,76121630,96,"NC_000017.11",FALSE,"seq_054","SMR_041","AS"
"272","LG4","AS_LG4_26235750:26236815",26236250,84,97748775,285,"NC_000015.10",TRUE,"seq_055","SMR_035","AS"
"273","LG4","AS_LG4_26235750:26236815",26236258,92,97748783,285,"NC_000015.10",TRUE,"seq_055","SMR_035","AS"
"274","LG4","AS_LG4_26235750:26236815",26236264,98,97748789,285,"NC_000015.10",TRUE,"seq_055","SMR_035","AS"
"275","LG4","AS_LG4_26235750:26236815",26236268,102,97748793,285,"NC_000015.10",TRUE,"seq_055","SMR_035","AS"
"276","LG4","AS_LG4_26235750:26236815",26236272,106,97748797,285,"NC_000015.10",TRUE,"seq_055","SMR_035","AS"
"277","LG4","AS_LG4_26235750:26236815",26236275,109,97748800,285,"NC_000015.10",TRUE,"seq_055","SMR_035","AS"
"278","LG4","AS_LG4_26235750:26236815",26236288,122,97748813,285,"NC_000015.10",TRUE,"seq_055","SMR_035","AS"
"279","LG4","AS_LG4_26235750:26236815",26236315,149,97748840,285,"NC_000015.10",TRUE,"seq_055","SMR_035","AS"
"280","LG10","AS_LG10_32094976:32096014",32095476,384,153914793,46,"NC_000006.12",FALSE,"seq_056","SMR_012","AS"
"281","LG10","AS_LG10_32094976:32096014",32095514,422,153914831,46,"NC_000006.12",FALSE,"seq_056","SMR_012","AS"
